,timestamp,open,high,low,close,volume
0,2024-04-24 16:30:00+00:00,151.61862182617188,151.61862182617188,150.763427734375,151.3133544921875,
1,2024-04-24 16:35:00+00:00,151.3723602294922,152.3954620361328,151.3723602294922,152.37539672851562,
2,2024-04-24 16:40:00+00:00,152.4376983642578,152.4376983642578,151.9195556640625,151.9195556640625,
3,2024-04-24 16:45:00+00:00,151.903564453125,151.903564453125,151.5489044189453,151.5489044189453,
4,2024-04-24 16:50:00+00:00,151.54669189453125,151.54669189453125,151.2293701171875,151.28753662109375,
5,2024-04-24 16:55:00+00:00,151.43502807617188,151.4447021484375,151.38482666015625,151.4403839111328,
6,2024-04-24 17:00:00+00:00,151.53627014160156,151.77890014648438,151.53627014160156,151.77890014648438,
7,2024-04-24 17:05:00+00:00,151.67904663085938,151.69090270996094,151.3955078125,151.5392608642578,
8,2024-04-24 17:10:00+00:00,151.7412567138672,151.87347412109375,151.7412567138672,151.87347412109375,
9,2024-04-24 17:15:00+00:00,151.88787841796875,152.1212921142578,151.88787841796875,151.99986267089844,
10,2024-04-24 17:20:00+00:00,152.08836364746094,152.33547973632812,152.08836364746094,152.3251190185547,
11,2024-04-24 17:25:00+00:00,152.50611877441406,152.77313232421875,152.50611877441406,152.77313232421875,
12,2024-04-24 17:30:00+00:00,152.80885314941406,153.5449676513672,152.80885314941406,153.5449676513672,
13,2024-04-24 17:35:00+00:00,153.4849395751953,153.59498596191406,153.4849395751953,153.57862854003906,
14,2024-04-24 17:40:00+00:00,153.64578247070312,153.64907836914062,153.24017333984375,153.24017333984375,
15,2024-04-24 17:45:00+00:00,153.205078125,153.205078125,152.48924255371094,152.48924255371094,
16,2024-04-24 17:50:00+00:00,152.56153869628906,152.56153869628906,152.43072509765625,152.43072509765625,
17,2024-04-24 17:55:00+00:00,152.39540100097656,152.4215087890625,152.36288452148438,152.36288452148438,
18,2024-04-24 18:00:00+00:00,152.3675079345703,152.3675079345703,151.88198852539062,151.88198852539062,
19,2024-04-24 18:05:00+00:00,151.8575897216797,151.8575897216797,151.4556427001953,151.475830078125,
20,2024-04-24 18:10:00+00:00,151.39202880859375,151.39202880859375,151.16693115234375,151.16693115234375,
21,2024-04-24 18:15:00+00:00,151.22177124023438,151.22177124023438,151.088623046875,151.088623046875,
22,2024-04-24 18:20:00+00:00,151.13473510742188,151.13473510742188,150.97073364257812,150.97073364257812,
23,2024-04-24 18:25:00+00:00,150.86428833007812,150.9181365966797,150.7467041015625,150.76683044433594,
24,2024-04-24 18:30:00+00:00,150.77198791503906,150.92227172851562,150.77198791503906,150.92227172851562,
25,2024-04-24 18:35:00+00:00,150.95411682128906,151.04769897460938,150.95411682128906,151.04769897460938,
26,2024-04-24 18:40:00+00:00,151.11160278320312,151.11712646484375,151.03236389160156,151.03236389160156,
27,2024-04-24 18:45:00+00:00,150.8849639892578,150.8849639892578,149.76675415039062,149.76675415039062,
28,2024-04-24 18:50:00+00:00,149.56101989746094,149.56101989746094,148.86871337890625,148.89219665527344,
29,2024-04-24 18:55:00+00:00,148.99618530273438,149.02096557617188,148.95574951171875,148.95574951171875,
30,2024-04-24 19:00:00+00:00,148.87979125976562,148.87979125976562,148.1964111328125,148.1964111328125,
31,2024-04-24 19:05:00+00:00,148.41636657714844,148.9070281982422,148.41636657714844,148.9070281982422,
32,2024-04-24 19:10:00+00:00,149.13417053222656,149.2690887451172,149.04379272460938,149.2690887451172,
33,2024-04-24 19:15:00+00:00,149.26251220703125,149.74887084960938,149.26251220703125,149.74887084960938,
34,2024-04-24 19:20:00+00:00,150.00808715820312,150.7574005126953,150.00808715820312,150.7574005126953,
35,2024-04-24 19:25:00+00:00,150.73922729492188,150.73922729492188,150.0983428955078,150.0983428955078,
36,2024-04-24 19:30:00+00:00,150.05160522460938,150.70059204101562,149.94601440429688,150.70059204101562,
37,2024-04-24 19:35:00+00:00,150.76235961914062,150.94180297851562,150.76235961914062,150.9405517578125,
38,2024-04-24 19:40:00+00:00,150.87889099121094,150.87889099121094,150.3033905029297,150.3033905029297,
39,2024-04-24 19:45:00+00:00,150.1201629638672,150.1201629638672,149.50196838378906,149.70765686035156,
40,2024-04-24 19:50:00+00:00,149.95216369628906,150.20657348632812,149.87086486816406,150.06707763671875,
41,2024-04-24 19:55:00+00:00,149.9666748046875,149.9666748046875,149.52418518066406,149.56719970703125,
42,2024-04-24 20:00:00+00:00,149.6558837890625,149.9733123779297,149.6558837890625,149.9733123779297,
43,2024-04-24 20:05:00+00:00,150.0596923828125,150.0596923828125,149.82183837890625,149.82183837890625,
44,2024-04-24 20:10:00+00:00,149.62489318847656,150.05874633789062,149.57363891601562,149.9158935546875,
45,2024-04-24 20:15:00+00:00,149.8341522216797,149.8341522216797,149.64317321777344,149.66812133789062,
46,2024-04-24 20:20:00+00:00,149.6094512939453,149.6094512939453,149.30357360839844,149.31005859375,
47,2024-04-24 20:25:00+00:00,149.28152465820312,149.47067260742188,149.2423095703125,149.47067260742188,
48,2024-04-24 20:30:00+00:00,149.55856323242188,149.8863983154297,149.55856323242188,149.8114776611328,
49,2024-04-24 20:35:00+00:00,149.73391723632812,149.83917236328125,149.73391723632812,149.81399536132812,
50,2024-04-24 20:40:00+00:00,149.60743713378906,149.60743713378906,149.1988983154297,149.1988983154297,
51,2024-04-24 20:45:00+00:00,149.32424926757812,149.33721923828125,149.01416015625,149.01416015625,
52,2024-04-24 20:50:00+00:00,148.91461181640625,148.91461181640625,148.62173461914062,148.70608520507812,
53,2024-04-24 20:55:00+00:00,149.0292205810547,149.0292205810547,148.93675231933594,148.94879150390625,
54,2024-04-24 21:00:00+00:00,148.93954467773438,148.93954467773438,148.7681427001953,148.82598876953125,
55,2024-04-24 21:05:00+00:00,148.7896270751953,148.99478149414062,148.7896270751953,148.8711395263672,
56,2024-04-24 21:10:00+00:00,148.5819549560547,148.5819549560547,148.30775451660156,148.39105224609375,
57,2024-04-24 21:15:00+00:00,148.4437713623047,148.8013458251953,148.4437713623047,148.8013458251953,
58,2024-04-24 21:20:00+00:00,149.0852508544922,149.41943359375,149.0852508544922,149.35816955566406,
59,2024-04-24 21:25:00+00:00,149.30116271972656,149.93984985351562,149.30116271972656,149.9311065673828,
60,2024-04-24 21:30:00+00:00,149.91751098632812,149.9537353515625,149.82394409179688,149.82394409179688,
61,2024-04-24 21:35:00+00:00,149.76156616210938,149.76353454589844,149.68560791015625,149.68560791015625,
62,2024-04-24 21:40:00+00:00,149.4701690673828,149.4701690673828,149.3408966064453,149.3408966064453,
63,2024-04-24 21:45:00+00:00,149.36192321777344,149.50448608398438,149.36192321777344,149.50448608398438,
64,2024-04-24 21:50:00+00:00,149.50367736816406,149.50367736816406,149.43251037597656,149.43251037597656,
65,2024-04-24 21:55:00+00:00,149.40667724609375,149.6473846435547,149.40667724609375,149.6473846435547,
66,2024-04-24 22:00:00+00:00,149.69580078125,149.6999053955078,149.5973663330078,149.5973663330078,
67,2024-04-24 22:05:00+00:00,149.62933349609375,149.62933349609375,149.39431762695312,149.39431762695312,
68,2024-04-24 22:10:00+00:00,149.2819366455078,149.3003387451172,149.17539978027344,149.17539978027344,
69,2024-04-24 22:15:00+00:00,149.04080200195312,149.04080200195312,148.2545928955078,148.2545928955078,
70,2024-04-24 22:20:00+00:00,148.1736297607422,148.1736297607422,147.9216766357422,147.9344940185547,
71,2024-04-24 22:25:00+00:00,147.95132446289062,148.05201721191406,147.95132446289062,148.05201721191406,
72,2024-04-24 22:30:00+00:00,148.07229614257812,148.07229614257812,147.719970703125,147.719970703125,
73,2024-04-24 22:35:00+00:00,147.749267578125,148.04098510742188,147.749267578125,147.90087890625,
74,2024-04-24 22:40:00+00:00,147.6198272705078,147.66932678222656,147.60690307617188,147.63983154296875,
75,2024-04-24 22:45:00+00:00,147.6473388671875,147.6704864501953,147.2830810546875,147.2830810546875,
76,2024-04-24 22:50:00+00:00,147.28982543945312,147.28982543945312,146.903564453125,147.0658416748047,
77,2024-04-24 22:55:00+00:00,147.0326385498047,147.11061096191406,147.0326385498047,147.11061096191406,
78,2024-04-24 23:00:00+00:00,147.0686492919922,147.0686492919922,145.8076629638672,145.8076629638672,
79,2024-04-24 23:05:00+00:00,145.89697265625,146.4004364013672,145.85858154296875,146.4004364013672,
80,2024-04-24 23:10:00+00:00,146.9562530517578,146.9947967529297,146.7664337158203,146.7664337158203,
81,2024-04-24 23:15:00+00:00,146.80419921875,147.3817138671875,146.80419921875,147.3817138671875,
82,2024-04-24 23:20:00+00:00,147.3460693359375,147.3460693359375,147.1856231689453,147.20574951171875,
83,2024-04-24 23:25:00+00:00,147.0159149169922,147.0159149169922,146.6641082763672,146.72256469726562,
84,2024-04-24 23:30:00+00:00,146.73947143554688,147.14666748046875,146.73947143554688,147.14666748046875,
85,2024-04-24 23:35:00+00:00,147.174072265625,147.32150268554688,147.14830017089844,147.32150268554688,
86,2024-04-24 23:40:00+00:00,147.40203857421875,147.5084991455078,147.39698791503906,147.5084991455078,
87,2024-04-24 23:45:00+00:00,147.64361572265625,147.76937866210938,147.64361572265625,147.75759887695312,
88,2024-04-24 23:50:00+00:00,147.72708129882812,147.72708129882812,147.679931640625,147.69049072265625,
89,2024-04-24 23:55:00+00:00,147.83570861816406,147.83570861816406,147.75332641601562,147.75332641601562,
90,2024-04-25 00:00:00+00:00,147.76121520996094,147.76121520996094,147.68527221679688,147.68751525878906,
91,2024-04-25 00:05:00+00:00,147.75485229492188,148.17189025878906,147.75485229492188,148.0509033203125,
92,2024-04-25 00:10:00+00:00,148.0345458984375,148.0345458984375,147.82106018066406,147.97665405273438,
93,2024-04-25 00:15:00+00:00,147.9934539794922,148.15367126464844,147.9934539794922,148.03729248046875,
94,2024-04-25 00:20:00+00:00,148.0355987548828,148.07589721679688,148.0355987548828,148.0650177001953,
95,2024-04-25 00:25:00+00:00,148.09056091308594,148.1676025390625,148.09056091308594,148.14535522460938,
96,2024-04-25 00:30:00+00:00,148.177490234375,148.60206604003906,148.177490234375,148.60206604003906,
97,2024-04-25 00:35:00+00:00,148.6772918701172,148.8061981201172,148.61819458007812,148.77072143554688,
98,2024-04-25 00:40:00+00:00,148.62991333007812,148.87998962402344,148.62991333007812,148.87998962402344,
99,2024-04-25 00:45:00+00:00,148.9500732421875,149.30067443847656,148.9500732421875,149.0170440673828,
100,2024-04-25 00:50:00+00:00,149.0103759765625,149.0103759765625,148.78997802734375,148.79002380371094,
101,2024-04-25 00:55:00+00:00,148.80276489257812,148.8243865966797,148.7907257080078,148.81771850585938,
102,2024-04-25 01:00:00+00:00,148.78456115722656,148.78456115722656,148.70201110839844,148.70201110839844,
103,2024-04-25 01:05:00+00:00,148.70582580566406,148.9116668701172,148.70582580566406,148.76376342773438,
104,2024-04-25 01:10:00+00:00,148.5524444580078,148.58233642578125,148.5025177001953,148.5025177001953,
105,2024-04-25 01:15:00+00:00,148.46768188476562,148.46768188476562,148.1820831298828,148.37335205078125,
106,2024-04-25 01:20:00+00:00,148.35377502441406,148.48402404785156,148.35377502441406,148.48402404785156,
107,2024-04-25 01:25:00+00:00,148.64303588867188,148.64303588867188,148.52195739746094,148.52195739746094,
108,2024-04-25 01:30:00+00:00,148.53378295898438,148.60897827148438,148.48028564453125,148.48028564453125,
109,2024-04-25 01:35:00+00:00,148.52516174316406,148.56112670898438,148.52516174316406,148.5514373779297,
110,2024-04-25 01:40:00+00:00,148.28274536132812,148.28274536132812,147.96029663085938,147.96029663085938,
111,2024-04-25 01:45:00+00:00,147.95986938476562,147.97598266601562,147.70550537109375,147.70550537109375,
112,2024-04-25 01:50:00+00:00,147.66661071777344,147.66661071777344,147.406982421875,147.406982421875,
113,2024-04-25 01:55:00+00:00,146.96678161621094,146.96678161621094,146.45594787597656,146.45594787597656,
114,2024-04-25 02:00:00+00:00,146.3566131591797,146.3566131591797,145.51138305664062,145.51138305664062,
115,2024-04-25 02:05:00+00:00,145.389892578125,146.0147705078125,145.389892578125,146.0147705078125,
116,2024-04-25 02:10:00+00:00,146.19703674316406,146.25697326660156,146.10299682617188,146.25697326660156,
117,2024-04-25 02:15:00+00:00,146.26869201660156,146.96389770507812,146.26869201660156,146.96389770507812,
118,2024-04-25 02:20:00+00:00,146.86264038085938,146.86264038085938,146.70285034179688,146.70285034179688,
119,2024-04-25 02:25:00+00:00,146.8033447265625,146.87557983398438,146.7762908935547,146.87557983398438,
120,2024-04-25 02:30:00+00:00,146.9324951171875,147.07272338867188,146.91310119628906,146.91310119628906,
121,2024-04-25 02:35:00+00:00,146.9410400390625,146.9410400390625,146.44186401367188,146.44186401367188,
122,2024-04-25 02:40:00+00:00,146.13711547851562,146.20921325683594,146.13711547851562,146.20921325683594,
123,2024-04-25 02:45:00+00:00,146.1975860595703,146.1975860595703,145.9900360107422,145.9900360107422,
124,2024-04-25 02:50:00+00:00,146.0029754638672,146.0029754638672,145.9620819091797,145.99838256835938,
125,2024-04-25 02:55:00+00:00,146.171630859375,146.314208984375,146.171630859375,146.314208984375,
126,2024-04-25 03:00:00+00:00,146.34814453125,146.95358276367188,146.34814453125,146.95358276367188,
127,2024-04-25 03:05:00+00:00,146.96343994140625,146.96343994140625,146.76133728027344,146.76133728027344,
128,2024-04-25 03:10:00+00:00,146.53677368164062,146.53677368164062,145.96510314941406,145.96510314941406,
129,2024-04-25 03:15:00+00:00,145.96922302246094,146.1852569580078,145.8821563720703,146.1852569580078,
130,2024-04-25 03:20:00+00:00,146.07144165039062,146.07144165039062,145.87249755859375,145.89903259277344,
131,2024-04-25 03:25:00+00:00,145.8424835205078,146.1338653564453,145.84078979492188,146.1338653564453,
132,2024-04-25 03:30:00+00:00,146.18093872070312,146.61329650878906,146.18093872070312,146.61329650878906,
133,2024-04-25 03:35:00+00:00,146.61279296875,146.61279296875,146.37738037109375,146.40774536132812,
134,2024-04-25 03:40:00+00:00,146.47476196289062,146.5830535888672,146.44276428222656,146.5830535888672,
135,2024-04-25 03:45:00+00:00,146.530029296875,146.530029296875,146.327392578125,146.327392578125,
136,2024-04-25 03:50:00+00:00,146.38890075683594,146.4134063720703,146.3407745361328,146.3407745361328,
137,2024-04-25 03:55:00+00:00,146.17222595214844,146.17222595214844,146.01431274414062,146.01431274414062,
138,2024-04-25 04:00:00+00:00,145.99716186523438,146.18533325195312,145.9617462158203,146.18533325195312,
139,2024-04-25 04:05:00+00:00,146.15603637695312,146.17257690429688,145.89047241210938,145.89047241210938,
140,2024-04-25 04:10:00+00:00,145.6808319091797,145.68936157226562,145.4199676513672,145.4199676513672,
141,2024-04-25 04:15:00+00:00,145.39874267578125,145.55807495117188,145.10462951660156,145.55807495117188,
142,2024-04-25 04:20:00+00:00,145.53839111328125,145.65684509277344,145.53839111328125,145.65684509277344,
143,2024-04-25 04:25:00+00:00,145.83462524414062,145.89576721191406,145.7695770263672,145.89576721191406,
144,2024-04-25 04:30:00+00:00,145.91574096679688,146.76524353027344,145.91574096679688,146.76524353027344,
145,2024-04-25 04:35:00+00:00,146.78944396972656,146.94857788085938,146.78944396972656,146.94857788085938,
146,2024-04-25 04:40:00+00:00,147.147705078125,147.147705078125,146.96803283691406,146.96803283691406,
147,2024-04-25 04:45:00+00:00,146.97120666503906,147.40904235839844,146.97120666503906,147.40904235839844,
148,2024-04-25 04:50:00+00:00,147.3628387451172,147.3678436279297,147.3055419921875,147.32778930664062,
149,2024-04-25 04:55:00+00:00,147.3479766845703,147.34971618652344,147.31678771972656,147.31678771972656,
150,2024-04-25 05:00:00+00:00,147.33609008789062,147.33609008789062,147.19522094726562,147.19522094726562,
151,2024-04-25 05:05:00+00:00,147.19061279296875,147.19061279296875,147.0410919189453,147.0410919189453,
152,2024-04-25 05:10:00+00:00,146.95684814453125,146.95684814453125,146.76353454589844,146.76353454589844,
153,2024-04-25 05:15:00+00:00,146.8670196533203,146.88853454589844,146.5966033935547,146.5966033935547,
154,2024-04-25 05:20:00+00:00,146.6059112548828,146.7305145263672,146.6059112548828,146.7305145263672,
155,2024-04-25 05:25:00+00:00,146.79896545410156,146.79896545410156,146.6702880859375,146.6747283935547,
156,2024-04-25 05:30:00+00:00,146.71578979492188,147.34446716308594,146.71578979492188,147.34446716308594,
157,2024-04-25 05:35:00+00:00,147.4153289794922,147.62120056152344,147.4153289794922,147.60354614257812,
158,2024-04-25 05:40:00+00:00,147.59275817871094,147.76370239257812,147.5853729248047,147.76370239257812,
159,2024-04-25 05:45:00+00:00,147.88804626464844,148.2693634033203,147.88804626464844,148.2693634033203,
160,2024-04-25 05:50:00+00:00,148.20419311523438,148.20419311523438,147.9038543701172,147.9038543701172,
161,2024-04-25 05:55:00+00:00,147.81930541992188,147.81930541992188,147.66896057128906,147.66896057128906,
162,2024-04-25 06:00:00+00:00,147.7002716064453,147.79505920410156,147.64723205566406,147.64723205566406,
163,2024-04-25 06:05:00+00:00,147.65060424804688,147.65060424804688,147.56362915039062,147.62350463867188,
164,2024-04-25 06:10:00+00:00,147.7200164794922,148.16957092285156,147.7200164794922,148.16957092285156,
165,2024-04-25 06:15:00+00:00,148.20045471191406,148.3628692626953,148.20045471191406,148.34164428710938,
166,2024-04-25 06:20:00+00:00,148.3348846435547,148.3348846435547,148.23190307617188,148.23190307617188,
167,2024-04-25 06:25:00+00:00,148.13035583496094,148.17144775390625,148.10386657714844,148.16561889648438,
168,2024-04-25 06:30:00+00:00,148.1582489013672,148.15980529785156,148.09559631347656,148.15980529785156,
169,2024-04-25 06:35:00+00:00,148.2016143798828,148.2568359375,148.0367889404297,148.0367889404297,
170,2024-04-25 06:40:00+00:00,147.5540313720703,147.5540313720703,147.43499755859375,147.43499755859375,
171,2024-04-25 06:45:00+00:00,147.4019317626953,147.47879028320312,147.4019317626953,147.42324829101562,
172,2024-04-25 06:50:00+00:00,147.41650390625,147.4504852294922,147.37110900878906,147.37110900878906,
173,2024-04-25 06:55:00+00:00,147.3975830078125,147.39915466308594,147.3874969482422,147.39804077148438,
174,2024-04-25 07:00:00+00:00,147.38145446777344,147.62620544433594,147.38145446777344,147.62620544433594,
175,2024-04-25 07:05:00+00:00,147.62075805664062,147.63455200195312,147.47596740722656,147.47596740722656,
176,2024-04-25 07:10:00+00:00,147.42506408691406,147.57177734375,147.42308044433594,147.57177734375,
177,2024-04-25 07:15:00+00:00,147.5906524658203,147.62391662597656,147.58982849121094,147.62391662597656,
178,2024-04-25 07:20:00+00:00,147.60211181640625,147.60211181640625,147.34326171875,147.34326171875,
179,2024-04-25 07:25:00+00:00,147.2209930419922,147.259765625,147.2209930419922,147.25656127929688,
180,2024-04-25 07:30:00+00:00,147.2486114501953,147.29986572265625,147.2425079345703,147.29986572265625,
181,2024-04-25 07:35:00+00:00,147.2823028564453,147.2823028564453,146.8596649169922,146.8596649169922,
182,2024-04-25 07:40:00+00:00,146.64178466796875,146.64178466796875,146.13914489746094,146.13914489746094,
183,2024-04-25 07:45:00+00:00,146.16534423828125,146.16534423828125,145.9662628173828,146.08412170410156,
184,2024-04-25 07:50:00+00:00,146.08433532714844,146.40853881835938,146.08433532714844,146.3602294921875,
185,2024-04-25 07:55:00+00:00,146.2598114013672,146.31993103027344,146.2598114013672,146.29226684570312,
186,2024-04-25 08:00:00+00:00,146.30905151367188,146.5448760986328,146.2518310546875,146.5448760986328,
187,2024-04-25 08:05:00+00:00,146.54800415039062,146.54800415039062,146.43411254882812,146.44325256347656,
188,2024-04-25 08:10:00+00:00,146.39015197753906,146.4554901123047,146.35655212402344,146.4554901123047,
189,2024-04-25 08:15:00+00:00,146.46546936035156,147.02777099609375,146.46546936035156,147.02777099609375,
190,2024-04-25 08:20:00+00:00,147.08267211914062,147.20672607421875,147.08267211914062,147.13433837890625,
191,2024-04-25 08:25:00+00:00,146.93609619140625,146.93609619140625,146.54518127441406,146.54518127441406,
192,2024-04-25 08:30:00+00:00,146.4935760498047,146.52291870117188,146.39804077148438,146.47543334960938,
193,2024-04-25 08:35:00+00:00,146.45089721679688,146.45089721679688,145.85211181640625,145.86944580078125,
194,2024-04-25 08:40:00+00:00,145.79710388183594,146.23419189453125,145.79710388183594,146.18704223632812,
195,2024-04-25 08:45:00+00:00,146.13131713867188,146.13131713867188,145.99429321289062,145.99429321289062,
196,2024-04-25 08:50:00+00:00,146.0166473388672,146.2294464111328,146.0166473388672,146.18069458007812,
197,2024-04-25 08:55:00+00:00,146.10081481933594,146.28282165527344,146.10081481933594,146.28282165527344,
198,2024-04-25 09:00:00+00:00,146.29774475097656,146.5287628173828,146.29774475097656,146.5287628173828,
199,2024-04-25 09:05:00+00:00,146.60220336914062,147.12457275390625,146.60220336914062,147.12457275390625,
200,2024-04-25 09:10:00+00:00,147.30918884277344,147.30918884277344,147.0696258544922,147.0696258544922,
201,2024-04-25 09:15:00+00:00,147.0693359375,147.0693359375,146.7887420654297,146.7887420654297,
202,2024-04-25 09:20:00+00:00,146.7969207763672,146.88160705566406,146.7969207763672,146.84872436523438,
203,2024-04-25 09:25:00+00:00,146.80943298339844,146.821533203125,146.79547119140625,146.79547119140625,
204,2024-04-25 09:30:00+00:00,146.77085876464844,146.78546142578125,146.50221252441406,146.50221252441406,
205,2024-04-25 09:35:00+00:00,146.5058135986328,146.51861572265625,146.4173583984375,146.45567321777344,
206,2024-04-25 09:40:00+00:00,146.42164611816406,146.42164611816406,145.9844970703125,145.98770141601562,
207,2024-04-25 09:45:00+00:00,145.9911651611328,146.0301513671875,145.90481567382812,145.90481567382812,
208,2024-04-25 09:50:00+00:00,145.8869171142578,145.9493865966797,145.8869171142578,145.913818359375,
209,2024-04-25 09:55:00+00:00,145.9959716796875,146.23667907714844,145.9959716796875,146.23585510253906,
210,2024-04-25 10:00:00+00:00,146.20391845703125,146.20391845703125,146.10267639160156,146.10267639160156,
211,2024-04-25 10:05:00+00:00,146.07980346679688,146.07980346679688,145.83554077148438,145.83554077148438,
212,2024-04-25 10:10:00+00:00,145.60098266601562,145.60098266601562,144.8628692626953,145.0162811279297,
213,2024-04-25 10:15:00+00:00,145.1654052734375,145.43922424316406,144.9780731201172,144.9780731201172,
214,2024-04-25 10:20:00+00:00,144.79225158691406,144.79225158691406,143.9861602783203,144.06497192382812,
215,2024-04-25 10:25:00+00:00,144.03541564941406,144.3921661376953,144.03541564941406,144.3921661376953,
216,2024-04-25 10:30:00+00:00,144.32632446289062,144.32632446289062,144.11741638183594,144.12020874023438,
217,2024-04-25 10:35:00+00:00,144.07998657226562,144.23654174804688,144.07998657226562,144.23654174804688,
218,2024-04-25 10:40:00+00:00,144.2367706298828,144.29100036621094,144.09585571289062,144.09585571289062,
219,2024-04-25 10:45:00+00:00,144.08370971679688,144.46282958984375,144.0512237548828,144.46282958984375,
220,2024-04-25 10:50:00+00:00,144.4105987548828,144.4105987548828,144.2321014404297,144.2494354248047,
221,2024-04-25 10:55:00+00:00,144.05499267578125,144.05499267578125,143.92149353027344,143.92149353027344,
222,2024-04-25 11:00:00+00:00,143.8926544189453,143.8926544189453,143.53952026367188,143.53952026367188,
223,2024-04-25 11:05:00+00:00,143.5618133544922,143.65304565429688,143.53927612304688,143.65304565429688,
224,2024-04-25 11:10:00+00:00,143.91786193847656,144.21495056152344,143.91786193847656,144.1680145263672,
225,2024-04-25 11:15:00+00:00,144.1698760986328,144.58920288085938,144.12643432617188,144.58920288085938,
226,2024-04-25 11:20:00+00:00,144.55210876464844,144.61729431152344,144.543212890625,144.61729431152344,
227,2024-04-25 11:25:00+00:00,144.82754516601562,144.82754516601562,144.7853546142578,144.78794860839844,
228,2024-04-25 11:30:00+00:00,144.81971740722656,144.88792419433594,144.790771484375,144.88792419433594,
229,2024-04-25 11:35:00+00:00,144.89793395996094,144.9549102783203,144.85333251953125,144.94007873535156,
230,2024-04-25 11:40:00+00:00,144.93907165527344,145.11241149902344,144.93907165527344,145.1096954345703,
231,2024-04-25 11:45:00+00:00,145.1149139404297,145.34848022460938,145.1149139404297,145.34848022460938,
232,2024-04-25 11:50:00+00:00,145.35789489746094,145.35789489746094,145.13771057128906,145.15310668945312,
233,2024-04-25 11:55:00+00:00,145.02243041992188,145.02243041992188,144.89077758789062,144.891845703125,
234,2024-04-25 12:00:00+00:00,144.8760986328125,144.8760986328125,144.82801818847656,144.83470153808594,
235,2024-04-25 12:05:00+00:00,144.78878784179688,144.9464874267578,144.78878784179688,144.9464874267578,
236,2024-04-25 12:10:00+00:00,145.34555053710938,145.89462280273438,145.34555053710938,145.89358520507812,
237,2024-04-25 12:15:00+00:00,145.8771514892578,145.9862060546875,145.8601837158203,145.9862060546875,
238,2024-04-25 12:20:00+00:00,146.0176544189453,146.32652282714844,146.0176544189453,146.20448303222656,
239,2024-04-25 12:25:00+00:00,145.8528289794922,145.8528289794922,145.7079620361328,145.72586059570312,
240,2024-04-25 12:30:00+00:00,145.7211151123047,145.74755859375,144.91738891601562,144.91738891601562,
241,2024-04-25 12:35:00+00:00,144.87579345703125,145.07164001464844,144.87579345703125,144.90875244140625,
242,2024-04-25 12:40:00+00:00,144.7255401611328,144.7255401611328,144.3294677734375,144.34567260742188,
243,2024-04-25 12:45:00+00:00,144.32936096191406,144.32936096191406,143.6201171875,143.6201171875,
244,2024-04-25 12:50:00+00:00,143.61004638671875,143.61004638671875,143.24334716796875,143.3897247314453,
245,2024-04-25 12:55:00+00:00,143.68661499023438,143.906005859375,143.68661499023438,143.87301635742188,
246,2024-04-25 13:00:00+00:00,143.8138427734375,143.8138427734375,143.61605834960938,143.61605834960938,
247,2024-04-25 13:05:00+00:00,143.54714965820312,143.57321166992188,143.31842041015625,143.32373046875,
248,2024-04-25 13:10:00+00:00,143.1793212890625,143.46116638183594,143.17337036132812,143.39515686035156,
249,2024-04-25 13:15:00+00:00,143.30418395996094,143.30418395996094,142.59030151367188,142.59030151367188,
250,2024-04-25 13:20:00+00:00,142.52182006835938,142.62973022460938,142.2645721435547,142.62973022460938,
251,2024-04-25 13:25:00+00:00,143.2733612060547,143.8556365966797,143.2733612060547,143.8556365966797,
252,2024-04-25 13:30:00+00:00,143.82347106933594,143.82347106933594,143.38861083984375,143.38861083984375,
253,2024-04-25 13:35:00+00:00,143.56336975097656,144.1989288330078,143.56336975097656,144.14837646484375,
254,2024-04-25 13:40:00+00:00,144.0580291748047,144.18618774414062,143.9831085205078,144.18618774414062,
255,2024-04-25 13:45:00+00:00,144.18553161621094,144.50086975097656,144.15980529785156,144.15980529785156,
256,2024-04-25 13:50:00+00:00,144.144287109375,144.43370056152344,144.144287109375,144.4169158935547,
257,2024-04-25 13:55:00+00:00,144.27685546875,144.45069885253906,144.27685546875,144.45069885253906,
258,2024-04-25 14:00:00+00:00,144.4935760498047,144.5879364013672,144.4935760498047,144.5094757080078,
259,2024-04-25 14:05:00+00:00,144.5535888671875,144.8445587158203,144.5535888671875,144.8445587158203,
260,2024-04-25 14:10:00+00:00,145.10696411132812,145.6493377685547,145.10696411132812,145.592529296875,
261,2024-04-25 14:15:00+00:00,145.60813903808594,145.87237548828125,145.60433959960938,145.87237548828125,
262,2024-04-25 14:20:00+00:00,145.85113525390625,145.89706420898438,145.81272888183594,145.89706420898438,
263,2024-04-25 14:25:00+00:00,146.00352478027344,146.16067504882812,146.00352478027344,146.1062469482422,
264,2024-04-25 14:30:00+00:00,146.09681701660156,146.09681701660156,145.6800079345703,145.6800079345703,
265,2024-04-25 14:35:00+00:00,145.55868530273438,145.59722900390625,145.4430389404297,145.5780792236328,
266,2024-04-25 14:40:00+00:00,145.81065368652344,145.81065368652344,145.44198608398438,145.49673461914062,
267,2024-04-25 14:45:00+00:00,145.493896484375,145.70468139648438,145.43141174316406,145.43141174316406,
268,2024-04-25 14:50:00+00:00,145.4506378173828,145.4506378173828,145.3154754638672,145.3154754638672,
269,2024-04-25 14:55:00+00:00,145.04380798339844,145.04380798339844,144.67462158203125,144.7289581298828,
270,2024-04-25 15:00:00+00:00,144.80963134765625,145.29209899902344,144.80963134765625,145.29209899902344,
271,2024-04-25 15:05:00+00:00,145.21664428710938,145.21664428710938,144.689697265625,144.71554565429688,
272,2024-04-25 15:10:00+00:00,144.8076171875,145.26177978515625,144.8076171875,145.26177978515625,
273,2024-04-25 15:15:00+00:00,145.26710510253906,145.38563537597656,145.17666625976562,145.17666625976562,
274,2024-04-25 15:20:00+00:00,145.1953887939453,145.2736053466797,145.1953887939453,145.2736053466797,
275,2024-04-25 15:25:00+00:00,145.38589477539062,145.7789306640625,145.38589477539062,145.7789306640625,
276,2024-04-25 15:30:00+00:00,145.80325317382812,146.03057861328125,145.76458740234375,145.76458740234375,
277,2024-04-25 15:35:00+00:00,145.77713012695312,146.72491455078125,145.77713012695312,146.72491455078125,
278,2024-04-25 15:40:00+00:00,146.92739868164062,146.9512176513672,146.72805786132812,146.72805786132812,
279,2024-04-25 15:45:00+00:00,146.72096252441406,147.015625,146.72096252441406,147.015625,
280,2024-04-25 15:50:00+00:00,147.08944702148438,147.69454956054688,147.08944702148438,147.69454956054688,
281,2024-04-25 15:55:00+00:00,147.89358520507812,148.00845336914062,147.731689453125,147.731689453125,
282,2024-04-25 16:00:00+00:00,147.74449157714844,147.89697265625,147.64540100097656,147.89697265625,
283,2024-04-25 16:05:00+00:00,147.83642578125,147.9770965576172,147.83642578125,147.9770965576172,
284,2024-04-25 16:10:00+00:00,148.11978149414062,148.11978149414062,147.6348419189453,147.6348419189453,
285,2024-04-25 16:15:00+00:00,147.64035034179688,147.64035034179688,147.04039001464844,147.04039001464844,
286,2024-04-25 16:20:00+00:00,147.079833984375,147.6180419921875,147.079833984375,147.4960174560547,
287,2024-04-25 16:25:00+00:00,147.52883911132812,147.52883911132812,147.46774291992188,147.4702606201172,
288,2024-04-25 16:30:00+00:00,147.44583129882812,147.44583129882812,147.2300262451172,147.2300262451172,
289,2024-04-25 16:35:00+00:00,147.2201385498047,147.4298095703125,147.2201385498047,147.33717346191406,
290,2024-04-25 16:40:00+00:00,147.25843811035156,147.53077697753906,147.25843811035156,147.53077697753906,
291,2024-04-25 16:45:00+00:00,147.5355987548828,148.178955078125,147.5355987548828,148.178955078125,
292,2024-04-25 16:50:00+00:00,148.20823669433594,148.3570556640625,148.20823669433594,148.25759887695312,
293,2024-04-25 16:55:00+00:00,148.0621337890625,148.33250427246094,148.0621337890625,148.33250427246094,
294,2024-04-25 17:00:00+00:00,148.34852600097656,148.8157196044922,148.34852600097656,148.8157196044922,
295,2024-04-25 17:05:00+00:00,148.8192596435547,148.9379425048828,148.80833435058594,148.92884826660156,
296,2024-04-25 17:10:00+00:00,149.0618438720703,149.08836364746094,149.00372314453125,149.00372314453125,
297,2024-04-25 17:15:00+00:00,148.97222900390625,148.97222900390625,148.4544677734375,148.4544677734375,
298,2024-04-25 17:20:00+00:00,148.47682189941406,148.47682189941406,148.1575164794922,148.1575164794922,
299,2024-04-25 17:25:00+00:00,148.0099334716797,148.1592254638672,148.0099334716797,148.1592254638672,
300,2024-04-25 17:30:00+00:00,148.16226196289062,148.21974182128906,147.8926239013672,147.8926239013672,
301,2024-04-25 17:35:00+00:00,147.85211181640625,147.85211181640625,147.62240600585938,147.65284729003906,
302,2024-04-25 17:40:00+00:00,147.781005859375,147.7928924560547,147.75961303710938,147.77841186523438,
303,2024-04-25 17:45:00+00:00,147.7802734375,148.0287628173828,147.77651977539062,148.0287628173828,
304,2024-04-25 17:50:00+00:00,148.1202850341797,148.4378204345703,148.1202850341797,148.4378204345703,
305,2024-04-25 17:55:00+00:00,148.4723663330078,148.4723663330078,148.3831024169922,148.39273071289062,
306,2024-04-25 18:00:00+00:00,148.3593292236328,148.3593292236328,148.00392150878906,148.00392150878906,
307,2024-04-25 18:05:00+00:00,147.95867919921875,147.95867919921875,147.77749633789062,147.80116271972656,
308,2024-04-25 18:10:00+00:00,147.8092498779297,148.15098571777344,147.8092498779297,148.15098571777344,
309,2024-04-25 18:15:00+00:00,148.16607666015625,148.16607666015625,148.0921173095703,148.13046264648438,
310,2024-04-25 18:20:00+00:00,148.166259765625,148.3526153564453,148.166259765625,148.2318115234375,
311,2024-04-25 18:25:00+00:00,148.13421630859375,148.1796112060547,148.13421630859375,148.13771057128906,
312,2024-04-25 18:30:00+00:00,148.05206298828125,148.05206298828125,147.65769958496094,147.65769958496094,
313,2024-04-25 18:35:00+00:00,147.62490844726562,147.6622314453125,147.60704040527344,147.60704040527344,
314,2024-04-25 18:40:00+00:00,147.50433349609375,147.5071563720703,147.4851531982422,147.4851531982422,
315,2024-04-25 18:45:00+00:00,147.4761199951172,147.67710876464844,147.4761199951172,147.67710876464844,
316,2024-04-25 18:50:00+00:00,147.71339416503906,147.8692169189453,147.71339416503906,147.83006286621094,
317,2024-04-25 18:55:00+00:00,147.7273712158203,147.857666015625,147.69146728515625,147.857666015625,
318,2024-04-25 19:00:00+00:00,147.90567016601562,148.0746307373047,147.8120574951172,147.8120574951172,
319,2024-04-25 19:05:00+00:00,147.83128356933594,147.8496856689453,147.64193725585938,147.64193725585938,
320,2024-04-25 19:10:00+00:00,147.32510375976562,148.09571838378906,147.32510375976562,148.01181030273438,
321,2024-04-25 19:15:00+00:00,147.9833984375,147.9833984375,147.69461059570312,147.69461059570312,
322,2024-04-25 19:20:00+00:00,147.624267578125,147.624267578125,147.3350067138672,147.3350067138672,
323,2024-04-25 19:25:00+00:00,147.18252563476562,147.18252563476562,147.0302276611328,147.03314208984375,
324,2024-04-25 19:30:00+00:00,147.07540893554688,147.1221466064453,146.93545532226562,146.93545532226562,
325,2024-04-25 19:35:00+00:00,146.90457153320312,146.90457153320312,146.6577606201172,146.66212463378906,
326,2024-04-25 19:40:00+00:00,146.68228149414062,146.68228149414062,146.63412475585938,146.64239501953125,
327,2024-04-25 19:45:00+00:00,146.67965698242188,146.79434204101562,146.67965698242188,146.79434204101562,
328,2024-04-25 19:50:00+00:00,146.77308654785156,146.77490234375,146.72271728515625,146.72271728515625,
329,2024-04-25 19:55:00+00:00,146.68011474609375,146.68011474609375,146.6597137451172,146.66830444335938,
330,2024-04-25 20:00:00+00:00,146.69989013671875,147.1598358154297,146.69989013671875,147.1598358154297,
331,2024-04-25 20:05:00+00:00,147.227783203125,147.57652282714844,147.227783203125,147.4553985595703,
332,2024-04-25 20:10:00+00:00,147.10215759277344,147.10215759277344,146.1119384765625,146.13333129882812,
333,2024-04-25 20:15:00+00:00,146.1192626953125,146.1192626953125,145.91177368164062,145.91177368164062,
334,2024-04-25 20:20:00+00:00,145.87928771972656,145.87928771972656,145.8391876220703,145.84898376464844,
335,2024-04-25 20:25:00+00:00,145.88572692871094,145.88572692871094,145.81459045410156,145.8548583984375,
336,2024-04-25 20:30:00+00:00,145.82008361816406,146.24598693847656,145.82008361816406,146.24598693847656,
337,2024-04-25 20:35:00+00:00,146.2587127685547,146.5762481689453,146.2587127685547,146.5762481689453,
338,2024-04-25 20:40:00+00:00,146.820068359375,146.9165802001953,146.7570343017578,146.9165802001953,
339,2024-04-25 20:45:00+00:00,146.94345092773438,146.94583129882812,146.7808837890625,146.7808837890625,
340,2024-04-25 20:50:00+00:00,146.8082275390625,146.99221801757812,146.8082275390625,146.99221801757812,
341,2024-04-25 20:55:00+00:00,147.1219482421875,147.4226531982422,147.1219482421875,147.4226531982422,
342,2024-04-25 21:00:00+00:00,147.4144744873047,147.4976043701172,147.4144744873047,147.46981811523438,
343,2024-04-25 21:05:00+00:00,147.480712890625,147.50999450683594,147.4675750732422,147.48004150390625,
344,2024-04-25 21:10:00+00:00,147.64013671875,147.9767608642578,147.64013671875,147.950927734375,
345,2024-04-25 21:15:00+00:00,147.90975952148438,148.69566345214844,147.90975952148438,148.69566345214844,
346,2024-04-25 21:20:00+00:00,148.69322204589844,148.69322204589844,148.3811798095703,148.3811798095703,
347,2024-04-25 21:25:00+00:00,148.19418334960938,148.2120819091797,147.99948120117188,147.99948120117188,
348,2024-04-25 21:30:00+00:00,147.93072509765625,147.93072509765625,147.63027954101562,147.63027954101562,
349,2024-04-25 21:35:00+00:00,147.64886474609375,148.02989196777344,147.64886474609375,147.95083618164062,
350,2024-04-25 21:40:00+00:00,147.82215881347656,147.8583221435547,147.67884826660156,147.67884826660156,
351,2024-04-25 21:45:00+00:00,147.6578826904297,147.7108612060547,147.6060028076172,147.7108612060547,
352,2024-04-25 21:50:00+00:00,147.69223022460938,147.69223022460938,147.3885498046875,147.39077758789062,
353,2024-04-25 21:55:00+00:00,147.2961883544922,147.2961883544922,147.23841857910156,147.23841857910156,
354,2024-04-25 22:00:00+00:00,147.23609924316406,147.23609924316406,146.76422119140625,146.76422119140625,
355,2024-04-25 22:05:00+00:00,146.59661865234375,146.59661865234375,146.2242889404297,146.2663116455078,
356,2024-04-25 22:10:00+00:00,146.37094116210938,146.37094116210938,146.32420349121094,146.34703063964844,
357,2024-04-25 22:15:00+00:00,146.3572235107422,146.52871704101562,146.3572235107422,146.52871704101562,
358,2024-04-25 22:20:00+00:00,146.4621124267578,146.4752960205078,146.2858123779297,146.30819702148438,
359,2024-04-25 22:25:00+00:00,146.3701934814453,146.39393615722656,146.31640625,146.39393615722656,
360,2024-04-25 22:30:00+00:00,146.4061737060547,146.600830078125,146.4061737060547,146.53594970703125,
361,2024-04-25 22:35:00+00:00,146.5074005126953,146.5087890625,146.2572021484375,146.2572021484375,
362,2024-04-25 22:40:00+00:00,146.114501953125,146.114501953125,146.0440673828125,146.0440673828125,
363,2024-04-25 22:45:00+00:00,146.05953979492188,146.0864715576172,145.9302520751953,145.9302520751953,
364,2024-04-25 22:50:00+00:00,145.8684844970703,145.8684844970703,145.3804168701172,145.38381958007812,
365,2024-04-25 22:55:00+00:00,145.32794189453125,145.3430633544922,145.3270263671875,145.3430633544922,
366,2024-04-25 23:00:00+00:00,145.339599609375,145.5140838623047,145.3170928955078,145.5140838623047,
367,2024-04-25 23:05:00+00:00,145.56063842773438,145.88323974609375,145.56063842773438,145.83206176757812,
368,2024-04-25 23:10:00+00:00,145.77899169921875,145.77899169921875,145.2008819580078,145.24095153808594,
369,2024-04-25 23:15:00+00:00,145.2667694091797,145.32693481445312,145.2667694091797,145.3183135986328,
370,2024-04-25 23:20:00+00:00,145.31771850585938,145.3186798095703,145.2679443359375,145.2750701904297,
371,2024-04-25 23:25:00+00:00,145.275390625,145.275390625,145.07676696777344,145.07676696777344,
372,2024-04-25 23:30:00+00:00,145.0734405517578,145.0734405517578,145.0413818359375,145.04669189453125,
373,2024-04-25 23:35:00+00:00,145.06027221679688,145.19711303710938,145.06027221679688,145.1939239501953,
374,2024-04-25 23:40:00+00:00,145.19662475585938,145.19662475585938,145.081298828125,145.0989227294922,
375,2024-04-25 23:45:00+00:00,145.0939483642578,145.1724090576172,145.0939483642578,145.1724090576172,
376,2024-04-25 23:50:00+00:00,145.1526641845703,145.1526641845703,144.96682739257812,144.96682739257812,
377,2024-04-25 23:55:00+00:00,144.95286560058594,144.95286560058594,144.94061279296875,144.94061279296875,
378,2024-04-26 00:00:00+00:00,144.89646911621094,144.89646911621094,144.86595153808594,144.8795623779297,
379,2024-04-26 00:05:00+00:00,144.90809631347656,144.910400390625,144.8716583251953,144.8716583251953,
380,2024-04-26 00:10:00+00:00,144.78382873535156,144.78823852539062,144.60549926757812,144.60549926757812,
381,2024-04-26 00:15:00+00:00,144.5094757080078,144.5094757080078,143.78347778320312,143.78347778320312,
382,2024-04-26 00:20:00+00:00,143.8478546142578,143.90850830078125,143.74525451660156,143.74525451660156,
383,2024-04-26 00:25:00+00:00,143.40489196777344,143.40489196777344,143.17242431640625,143.23516845703125,
384,2024-04-26 00:30:00+00:00,143.2274169921875,143.2850799560547,142.7891387939453,142.7891387939453,
385,2024-04-26 00:35:00+00:00,142.8736572265625,143.18795776367188,142.8736572265625,143.125732421875,
386,2024-04-26 00:40:00+00:00,143.07705688476562,143.07705688476562,142.79037475585938,142.79037475585938,
387,2024-04-26 00:45:00+00:00,142.7696075439453,142.7696075439453,142.46353149414062,142.5037078857422,
388,2024-04-26 00:50:00+00:00,142.515380859375,142.81521606445312,142.515380859375,142.81521606445312,
389,2024-04-26 00:55:00+00:00,143.03515625,143.05714416503906,143.00729370117188,143.05714416503906,
390,2024-04-26 01:00:00+00:00,143.0418701171875,143.05821228027344,143.00453186035156,143.00453186035156,
391,2024-04-26 01:05:00+00:00,142.90992736816406,142.90992736816406,142.5341339111328,142.5341339111328,
392,2024-04-26 01:10:00+00:00,142.4730987548828,142.5015106201172,142.2599639892578,142.43597412109375,
393,2024-04-26 01:15:00+00:00,142.41915893554688,142.7963104248047,142.2692413330078,142.2692413330078,
394,2024-04-26 01:20:00+00:00,142.25167846679688,142.25167846679688,141.80056762695312,142.1062469482422,
395,2024-04-26 01:25:00+00:00,142.3836669921875,142.4192352294922,142.20652770996094,142.2957000732422,
396,2024-04-26 01:30:00+00:00,142.36502075195312,142.53221130371094,142.36502075195312,142.4872589111328,
397,2024-04-26 01:35:00+00:00,142.51405334472656,142.74742126464844,142.48316955566406,142.74742126464844,
398,2024-04-26 01:40:00+00:00,143.18209838867188,143.66099548339844,143.18209838867188,143.6428680419922,
399,2024-04-26 01:45:00+00:00,143.64906311035156,144.16033935546875,143.64906311035156,144.16033935546875,
400,2024-04-26 01:50:00+00:00,144.17788696289062,144.5409393310547,144.17788696289062,144.36593627929688,
401,2024-04-26 01:55:00+00:00,144.17250061035156,144.18907165527344,143.76551818847656,143.76551818847656,
402,2024-04-26 02:00:00+00:00,143.7725067138672,144.1593017578125,143.643798828125,144.1593017578125,
403,2024-04-26 02:05:00+00:00,144.09646606445312,144.09646606445312,143.70140075683594,143.70140075683594,
404,2024-04-26 02:10:00+00:00,143.79100036621094,144.2851104736328,143.79100036621094,144.27830505371094,
405,2024-04-26 02:15:00+00:00,144.32228088378906,144.85484313964844,144.32228088378906,144.85484313964844,
406,2024-04-26 02:20:00+00:00,144.8183135986328,144.8183135986328,144.71807861328125,144.71807861328125,
407,2024-04-26 02:25:00+00:00,144.5068359375,144.5068359375,144.20223999023438,144.20223999023438,
408,2024-04-26 02:30:00+00:00,144.2014923095703,144.2014923095703,144.00631713867188,144.00631713867188,
409,2024-04-26 02:35:00+00:00,144.0388946533203,144.17059326171875,144.0388946533203,144.14976501464844,
410,2024-04-26 02:40:00+00:00,144.0531005859375,144.06690979003906,144.04637145996094,144.06690979003906,
411,2024-04-26 02:45:00+00:00,144.0631561279297,144.0631561279297,143.92396545410156,143.92396545410156,
412,2024-04-26 02:50:00+00:00,143.9940948486328,144.3111114501953,143.9940948486328,144.3111114501953,
413,2024-04-26 02:55:00+00:00,144.51524353027344,144.51524353027344,144.43829345703125,144.45986938476562,
414,2024-04-26 03:00:00+00:00,144.4018096923828,144.4018096923828,143.87808227539062,143.87808227539062,
415,2024-04-26 03:05:00+00:00,143.83920288085938,144.01522827148438,143.83920288085938,144.01522827148438,
416,2024-04-26 03:10:00+00:00,144.22076416015625,144.4535675048828,144.22076416015625,144.4535675048828,
417,2024-04-26 03:15:00+00:00,144.4066162109375,144.62646484375,144.37464904785156,144.62646484375,
418,2024-04-26 03:20:00+00:00,144.67140197753906,144.69525146484375,144.6277618408203,144.6277618408203,
419,2024-04-26 03:25:00+00:00,144.36851501464844,144.36851501464844,143.89129638671875,143.89129638671875,
420,2024-04-26 03:30:00+00:00,143.89268493652344,143.98011779785156,143.7700653076172,143.98011779785156,
421,2024-04-26 03:35:00+00:00,143.94076538085938,143.95684814453125,143.7982940673828,143.79934692382812,
422,2024-04-26 03:40:00+00:00,143.6251678466797,143.7500762939453,143.6251678466797,143.7500762939453,
423,2024-04-26 03:45:00+00:00,143.74415588378906,143.79400634765625,143.74415588378906,143.79400634765625,
424,2024-04-26 03:50:00+00:00,143.80999755859375,143.80999755859375,143.71214294433594,143.71214294433594,
425,2024-04-26 03:55:00+00:00,143.6309356689453,143.6309356689453,143.3168182373047,143.3168182373047,
426,2024-04-26 04:00:00+00:00,143.33090209960938,143.33090209960938,143.19781494140625,143.1986083984375,
427,2024-04-26 04:05:00+00:00,143.22544860839844,143.2484588623047,143.0602264404297,143.0602264404297,
428,2024-04-26 04:10:00+00:00,142.74366760253906,142.80526733398438,142.7248077392578,142.78651428222656,
429,2024-04-26 04:15:00+00:00,142.79864501953125,142.9127655029297,142.642822265625,142.642822265625,
430,2024-04-26 04:20:00+00:00,142.63375854492188,142.67807006835938,142.6259765625,142.65365600585938,
431,2024-04-26 04:25:00+00:00,142.8231201171875,143.30897521972656,142.8231201171875,143.30897521972656,
432,2024-04-26 04:30:00+00:00,143.3511199951172,143.44009399414062,143.17105102539062,143.17105102539062,
433,2024-04-26 04:35:00+00:00,143.21697998046875,143.37571716308594,143.21697998046875,143.37571716308594,
434,2024-04-26 04:40:00+00:00,143.47738647460938,143.55816650390625,143.47738647460938,143.5435028076172,
435,2024-04-26 04:45:00+00:00,143.54629516601562,144.05104064941406,143.54629516601562,144.05104064941406,
436,2024-04-26 04:50:00+00:00,144.0261688232422,144.0261688232422,143.8760223388672,143.8760223388672,
437,2024-04-26 04:55:00+00:00,143.73873901367188,143.73873901367188,143.39976501464844,143.39976501464844,
438,2024-04-26 05:00:00+00:00,143.33653259277344,143.33653259277344,142.9568328857422,142.9568328857422,
439,2024-04-26 05:05:00+00:00,142.97549438476562,143.265869140625,142.97549438476562,143.265869140625,
440,2024-04-26 05:10:00+00:00,143.50335693359375,143.52651977539062,143.42501831054688,143.42501831054688,
441,2024-04-26 05:15:00+00:00,143.42613220214844,143.5513916015625,143.346435546875,143.5513916015625,
442,2024-04-26 05:20:00+00:00,143.5548095703125,143.5548095703125,143.5032196044922,143.5316162109375,
443,2024-04-26 05:25:00+00:00,143.59503173828125,143.59503173828125,143.38746643066406,143.3970947265625,
444,2024-04-26 05:30:00+00:00,143.38687133789062,143.86566162109375,143.38687133789062,143.86566162109375,
445,2024-04-26 05:35:00+00:00,143.90283203125,143.95335388183594,143.90283203125,143.93353271484375,
446,2024-04-26 05:40:00+00:00,143.92384338378906,143.93994140625,143.9202880859375,143.93994140625,
447,2024-04-26 05:45:00+00:00,143.9404296875,144.0443878173828,143.9404296875,144.0443878173828,
448,2024-04-26 05:50:00+00:00,144.07958984375,144.45953369140625,144.07958984375,144.44921875,
449,2024-04-26 05:55:00+00:00,144.54281616210938,144.62831115722656,144.54281616210938,144.62831115722656,
450,2024-04-26 06:00:00+00:00,144.64772033691406,144.71299743652344,144.60275268554688,144.60275268554688,
451,2024-04-26 06:05:00+00:00,144.579345703125,144.58084106445312,144.39410400390625,144.39410400390625,
452,2024-04-26 06:10:00+00:00,144.38856506347656,144.38856506347656,144.2903594970703,144.2903594970703,
453,2024-04-26 06:15:00+00:00,144.26882934570312,144.26882934570312,144.09799194335938,144.09799194335938,
454,2024-04-26 06:20:00+00:00,144.07192993164062,144.07354736328125,143.98641967773438,143.98641967773438,
455,2024-04-26 06:25:00+00:00,144.0513458251953,144.52955627441406,144.0513458251953,144.52955627441406,
456,2024-04-26 06:30:00+00:00,144.5281524658203,144.56666564941406,144.50637817382812,144.50637817382812,
457,2024-04-26 06:35:00+00:00,144.4602813720703,144.4602813720703,144.13844299316406,144.13844299316406,
458,2024-04-26 06:40:00+00:00,143.99679565429688,143.99679565429688,143.7608642578125,143.769775390625,
459,2024-04-26 06:45:00+00:00,143.76007080078125,144.13412475585938,143.76007080078125,144.13412475585938,
460,2024-04-26 06:50:00+00:00,144.1508026123047,144.1508026123047,143.97877502441406,143.98605346679688,
461,2024-04-26 06:55:00+00:00,143.96035766601562,143.96035766601562,143.82400512695312,143.82400512695312,
462,2024-04-26 07:00:00+00:00,143.7993927001953,143.7993927001953,143.5766143798828,143.5766143798828,
463,2024-04-26 07:05:00+00:00,143.6276397705078,143.64085388183594,143.5824737548828,143.5824737548828,
464,2024-04-26 07:10:00+00:00,143.49099731445312,143.49099731445312,143.1149444580078,143.1172637939453,
465,2024-04-26 07:15:00+00:00,143.16500854492188,143.1796112060547,143.0972137451172,143.170166015625,
466,2024-04-26 07:20:00+00:00,143.2251739501953,143.6056365966797,143.2251739501953,143.6056365966797,
467,2024-04-26 07:25:00+00:00,143.67837524414062,144.1622772216797,143.67837524414062,144.12948608398438,
468,2024-04-26 07:30:00+00:00,144.11798095703125,144.2310028076172,143.95787048339844,143.95787048339844,
469,2024-04-26 07:35:00+00:00,143.90982055664062,143.90982055664062,143.46551513671875,143.5706329345703,
470,2024-04-26 07:40:00+00:00,143.6116485595703,143.81678771972656,143.6116485595703,143.81678771972656,
471,2024-04-26 07:45:00+00:00,143.8822021484375,144.10972595214844,143.8822021484375,144.10972595214844,
472,2024-04-26 07:50:00+00:00,144.10455322265625,144.10455322265625,143.8822479248047,143.8822479248047,
473,2024-04-26 07:55:00+00:00,143.74490356445312,143.74490356445312,143.63270568847656,143.63270568847656,
474,2024-04-26 08:00:00+00:00,143.61338806152344,143.61338806152344,143.49176025390625,143.5740203857422,
475,2024-04-26 08:05:00+00:00,143.5908203125,143.91494750976562,143.5908203125,143.9124755859375,
476,2024-04-26 08:10:00+00:00,144.11805725097656,144.1407928466797,144.06578063964844,144.1407928466797,
477,2024-04-26 08:15:00+00:00,144.15855407714844,144.2938232421875,144.15855407714844,144.2938232421875,
478,2024-04-26 08:20:00+00:00,144.27337646484375,144.27337646484375,144.249267578125,144.249267578125,
479,2024-04-26 08:25:00+00:00,144.00601196289062,144.00601196289062,143.9076385498047,143.9264373779297,
480,2024-04-26 08:30:00+00:00,143.91632080078125,143.9979705810547,143.84515380859375,143.84515380859375,
481,2024-04-26 08:35:00+00:00,143.83189392089844,143.92105102539062,143.83189392089844,143.9014129638672,
482,2024-04-26 08:40:00+00:00,144.00624084472656,144.12522888183594,143.98585510253906,144.12522888183594,
483,2024-04-26 08:45:00+00:00,144.1382293701172,144.26934814453125,143.9844970703125,143.9844970703125,
484,2024-04-26 08:50:00+00:00,143.98480224609375,143.98480224609375,143.83544921875,143.86224365234375,
485,2024-04-26 08:55:00+00:00,143.96788024902344,144.02207946777344,143.95541381835938,144.02207946777344,
486,2024-04-26 09:00:00+00:00,144.02195739746094,144.1720428466797,144.02195739746094,144.1694793701172,
487,2024-04-26 09:05:00+00:00,144.13136291503906,144.13136291503906,144.0730438232422,144.13072204589844,
488,2024-04-26 09:10:00+00:00,144.28790283203125,144.29930114746094,144.28652954101562,144.29930114746094,
489,2024-04-26 09:15:00+00:00,144.264892578125,144.30889892578125,144.264892578125,144.30889892578125,
490,2024-04-26 09:20:00+00:00,144.2978515625,144.2978515625,144.13368225097656,144.14466857910156,
491,2024-04-26 09:25:00+00:00,144.2144775390625,144.31854248046875,144.2144775390625,144.31854248046875,
492,2024-04-26 09:30:00+00:00,144.32679748535156,144.47506713867188,144.32679748535156,144.47506713867188,
493,2024-04-26 09:35:00+00:00,144.5235137939453,144.5235137939453,144.3958740234375,144.3958740234375,
494,2024-04-26 09:40:00+00:00,144.20626831054688,144.24542236328125,144.20626831054688,144.2258758544922,
495,2024-04-26 09:45:00+00:00,144.21649169921875,144.21649169921875,144.04710388183594,144.04710388183594,
496,2024-04-26 09:50:00+00:00,144.03448486328125,144.03448486328125,143.89138793945312,143.89138793945312,
497,2024-04-26 09:55:00+00:00,143.85191345214844,143.9605255126953,143.85191345214844,143.9605255126953,
498,2024-04-26 10:00:00+00:00,143.96841430664062,144.08782958984375,143.96841430664062,144.08782958984375,
499,2024-04-26 10:05:00+00:00,144.10647583007812,144.30882263183594,144.10647583007812,144.2793426513672,
500,2024-04-26 10:10:00+00:00,144.28134155273438,144.28134155273438,144.1028594970703,144.1028594970703,
501,2024-04-26 10:15:00+00:00,144.06536865234375,144.06536865234375,143.88214111328125,143.88214111328125,
502,2024-04-26 10:20:00+00:00,143.89352416992188,143.89352416992188,143.84585571289062,143.84930419921875,
503,2024-04-26 10:25:00+00:00,143.8134002685547,143.8134002685547,143.44981384277344,143.44981384277344,
504,2024-04-26 10:30:00+00:00,143.4231414794922,143.4231414794922,143.30032348632812,143.3099822998047,
505,2024-04-26 10:35:00+00:00,143.28773498535156,143.37315368652344,143.25778198242188,143.37315368652344,
506,2024-04-26 10:40:00+00:00,143.5378875732422,143.5378875732422,143.22071838378906,143.22071838378906,
507,2024-04-26 10:45:00+00:00,143.2054443359375,143.2054443359375,142.72372436523438,142.72372436523438,
508,2024-04-26 10:50:00+00:00,142.69943237304688,142.69943237304688,142.5491485595703,142.55291748046875,
509,2024-04-26 10:55:00+00:00,142.5540771484375,142.55731201171875,142.50424194335938,142.50424194335938,
510,2024-04-26 11:00:00+00:00,142.51528930664062,142.51528930664062,142.4493865966797,142.4493865966797,
511,2024-04-26 11:05:00+00:00,142.44500732421875,142.6394500732422,142.44500732421875,142.6394500732422,
512,2024-04-26 11:10:00+00:00,142.7417755126953,142.94302368164062,142.7417755126953,142.9131622314453,
513,2024-04-26 11:15:00+00:00,142.91636657714844,143.07571411132812,142.84536743164062,143.07571411132812,
514,2024-04-26 11:20:00+00:00,143.08213806152344,143.1133575439453,143.06903076171875,143.06903076171875,
515,2024-04-26 11:25:00+00:00,142.93386840820312,142.9370574951172,142.81924438476562,142.81924438476562,
516,2024-04-26 11:30:00+00:00,142.83807373046875,142.83807373046875,142.58021545410156,142.73776245117188,
517,2024-04-26 11:35:00+00:00,142.73443603515625,142.74896240234375,142.6629180908203,142.74896240234375,
518,2024-04-26 11:40:00+00:00,142.85177612304688,142.85177612304688,142.74742126464844,142.74742126464844,
519,2024-04-26 11:45:00+00:00,142.7406768798828,142.9635772705078,142.7406768798828,142.9635772705078,
520,2024-04-26 11:50:00+00:00,143.00714111328125,143.0962677001953,143.00714111328125,143.07716369628906,
521,2024-04-26 11:55:00+00:00,143.08050537109375,143.08050537109375,143.0343475341797,143.0343475341797,
522,2024-04-26 12:00:00+00:00,143.05618286132812,143.42715454101562,143.05618286132812,143.42715454101562,
523,2024-04-26 12:05:00+00:00,143.51353454589844,143.75949096679688,143.5061492919922,143.6859130859375,
524,2024-04-26 12:10:00+00:00,143.62184143066406,143.80398559570312,143.62184143066406,143.79656982421875,
525,2024-04-26 12:15:00+00:00,143.7881622314453,143.7881622314453,143.57537841796875,143.57537841796875,
526,2024-04-26 12:20:00+00:00,143.62347412109375,143.74302673339844,143.62347412109375,143.69200134277344,
527,2024-04-26 12:25:00+00:00,143.6327667236328,143.6327667236328,143.52964782714844,143.53042602539062,
528,2024-04-26 12:30:00+00:00,143.4830322265625,144.00572204589844,143.4830322265625,144.00572204589844,
529,2024-04-26 12:35:00+00:00,143.98606872558594,143.98606872558594,143.7727813720703,143.90609741210938,
530,2024-04-26 12:40:00+00:00,144.10162353515625,144.10162353515625,144.01841735839844,144.02186584472656,
531,2024-04-26 12:45:00+00:00,144.03753662109375,144.03753662109375,143.8900146484375,143.8900146484375,
532,2024-04-26 12:50:00+00:00,143.8623504638672,143.87110900878906,143.43504333496094,143.43504333496094,
533,2024-04-26 12:55:00+00:00,142.8018035888672,142.89080810546875,142.7812957763672,142.89080810546875,
534,2024-04-26 13:00:00+00:00,142.86734008789062,143.136474609375,142.86734008789062,143.13417053222656,
535,2024-04-26 13:05:00+00:00,143.09890747070312,143.1148681640625,142.88059997558594,142.88059997558594,
536,2024-04-26 13:10:00+00:00,142.72007751464844,142.72007751464844,142.34033203125,142.34033203125,
537,2024-04-26 13:15:00+00:00,142.32411193847656,142.32411193847656,141.98928833007812,142.27882385253906,
538,2024-04-26 13:20:00+00:00,142.1442108154297,142.1442108154297,141.6082305908203,141.61582946777344,
539,2024-04-26 13:25:00+00:00,141.6063232421875,142.03659057617188,141.6063232421875,141.95909118652344,
540,2024-04-26 13:30:00+00:00,141.99139404296875,142.16146850585938,141.88877868652344,142.16146850585938,
541,2024-04-26 13:35:00+00:00,142.25830078125,142.62721252441406,142.25830078125,142.62721252441406,
542,2024-04-26 13:40:00+00:00,142.8406219482422,142.8406219482422,142.79583740234375,142.83494567871094,
543,2024-04-26 13:45:00+00:00,142.87255859375,144.06512451171875,142.87255859375,144.06512451171875,
544,2024-04-26 13:50:00+00:00,144.0526123046875,144.35275268554688,144.0526123046875,144.24803161621094,
545,2024-04-26 13:55:00+00:00,144.2352294921875,144.2352294921875,144.1575164794922,144.18862915039062,
546,2024-04-26 14:00:00+00:00,144.25599670410156,144.45033264160156,144.25599670410156,144.42196655273438,
547,2024-04-26 14:05:00+00:00,144.41299438476562,144.41299438476562,144.1100616455078,144.27078247070312,
548,2024-04-26 14:10:00+00:00,144.653564453125,145.6135711669922,144.653564453125,145.6135711669922,
549,2024-04-26 14:15:00+00:00,145.63108825683594,145.85255432128906,145.63108825683594,145.85255432128906,
550,2024-04-26 14:20:00+00:00,145.80125427246094,145.80125427246094,145.6205596923828,145.62313842773438,
